,Model Confidence,Adjusted Trust Score,Trust Score
0,0.30670386396177773,0.3495292307394626,0.3430116193890389
1,0.2493078653224375,0.34637099178668884,0.34443622025682497
2,0.2984296097894713,0.34679060855540633,0.3400005465437183
3,0.279705498933169,0.44417547728260764,0.447387446214905
4,0.3004701959371696,0.31247038991886017,0.30167426372718165
