,Model Confidence,Adjusted Trust Score,Trust Score
0,0.33531808521559464,0.480722708309607,0.47867938459378945
1,0.3993973751837206,0.4670092524908931,0.4604998496118943
2,0.31420639356447916,0.43919383589321204,0.4373517277207212
3,0.2725431243229185,0.4447295860459199,0.44427971923013976
4,0.28401476071520193,0.32482362284761523,0.3168015650147135
