,Model Confidence,Adjusted Trust Score,Trust Score
0,0.25784477339576906,0.37650141754575434,0.3782976349910287
1,0.21391669119580425,0.40555469068174355,0.4086660967506614
2,0.2926065949409345,0.41853838629592555,0.41914379559409953
3,0.19788059115611814,0.29560655923124546,0.2937990451004089
4,0.25739883435814837,0.3162551560236901,0.3138975208319237
