,Model Confidence,Adjusted Trust Score,Trust Score
0,0.39568428068077455,0.4730942832054327,0.46762400499263007
1,0.31213767868397024,0.3939011920620795,0.3923613400808156
2,0.3481507270617443,0.3696190372931054,0.36643552885909414
3,0.32049661044057615,0.445046825563919,0.444943323934853
4,0.36212777713041566,0.3695944581334285,0.360143142062437
