,Model Confidence,Adjusted Trust Score,Trust Score
0,0.33731023468334964,0.3891236681339922,0.38296350966002335
1,0.33695153217525275,0.451494028452,0.44933666598218147
2,0.31368462623252,0.36903751132411766,0.3670498582364212
3,0.32508641979907643,0.4258654998498942,0.4219617383881911
4,0.3571648340919684,0.35057543968822735,0.3278117248246857
