,Model Confidence,Adjusted Trust Score,Trust Score
0,0.8524941473550021,0.9001108993758127,0.8995706441204887
1,0.8015726165302014,0.8987120556353729,0.8996336684489912
2,0.8446401536067079,0.9012640325011929,0.8994362015450044
3,0.7737335608727547,0.8901649025268698,0.8905668721873209
4,0.903312554656847,0.9100084981723617,0.9042837356068847
