,Model Confidence,Adjusted Trust Score,Trust Score
0,0.7349801176835098,0.8411671531694271,0.8384392390180253
1,0.7579433952727233,0.8413483044658521,0.838376659130184
2,0.8027799438976743,0.8705448778429455,0.8690117006090037
3,0.7515952477468884,0.857477169026734,0.8566562432961906
4,0.8826958756955466,0.8769572204018171,0.8636019533036833
