,Model Confidence,Adjusted Trust Score,Trust Score
0,0.8287405459138732,0.9067243141836485,0.9055886325738907
1,0.8318637063365815,0.8896754720101947,0.8876058586753932
2,0.773037507569232,0.8974541549449356,0.8960705496849763
3,0.7898581009001076,0.8973505230152679,0.8960928839109519
4,0.9154797388467559,0.9142589211433866,0.9066385017717074
