,Model Confidence,Adjusted Trust Score,Trust Score
0,0.8410103113052665,0.9401495112676612,0.9407576454520792
1,0.8280811632076063,0.937825844037433,0.9389439204023015
2,0.8309374619117831,0.9374585104135327,0.9372202858569133
3,0.8432742398785354,0.9435666138147121,0.9432321596878025
4,0.9283761758651177,0.9468087422513493,0.9461876991606476
