,Model Confidence,Adjusted Trust Score,Trust Score
0,0.7926752353698037,0.8426562836451674,0.8407498301708931
1,0.7312305771494546,0.8398385925895375,0.8351393115854217
2,0.7977868158523214,0.859926596444176,0.8550729014272327
3,0.7427816610878717,0.8387873389778606,0.8359791103611616
4,0.8583980279242649,0.8611774701874451,0.8488872673266296
