,Model Confidence,Trust Score,Trust Score-D,Trust Score-U
0,0.724151171902348,0.7096944107206762,0.7209795468302169,0.7072591558719498
1,0.6873290562593413,0.7501350063260308,0.7606011677750468,0.7514675406937479
2,0.8051429813067335,0.7641079985472647,0.7732135333964045,0.7615977863647359
3,0.7805285069199024,0.7694725629921366,0.7769151187071803,0.7668871495585992
4,0.826138150655537,0.7789165562939768,0.7871157981448845,0.7796846148093879
