,Model Confidence,Trust Score,Trust Score-D,Trust Score-U
0,0.7140916935051318,0.8425871149304279,0.8310430164710269,0.8138957664296291
1,0.7225906320571794,0.8317883252763761,0.8259304793658985,0.8086972039356418
2,0.7654230924312444,0.8460491387768287,0.8337792338005591,0.8235526253068579
3,0.7309832519718571,0.832962433425775,0.8232119463949586,0.8074868362532306
4,0.848869016956245,0.8480299485573266,0.840925141120208,0.8258140781164036
