,Model Confidence,Trust Score,Trust Score-D,Trust Score-U
0,0.4134824210389213,0.5418895133989357,0.5029961633473582,0.5176249888610489
1,0.4241913488386005,0.5185234196081023,0.47760687322665785,0.4969024949285693
2,0.27883077977185544,0.3270665479285644,0.2635786501483858,0.31834397022107896
3,0.28718666298015105,0.43918782902726883,0.3957698264629663,0.41908710309693314
4,0.3490037890729356,0.35605248647630583,0.31586397986031134,0.33451499349382985
