,Model Confidence,Trust Score,Trust Score-D,Trust Score-U
0,0.36007865677682216,0.4508625779192743,0.43545236380615915,0.4229157430066784
1,0.12529405754023382,0.227201162635032,0.20669228480599225,0.2147699986280695
2,0.3093254101734846,0.4373413035862466,0.41599275207583747,0.40561302619159934
3,0.21227948051948053,0.3680277821530695,0.355989639308364,0.33965016284152294
4,0.21810616500862526,0.25474074084672105,0.2404238836660344,0.23218064034801866
