,Model Confidence,Trust Score,Trust Score-D,Trust Score-U
0,0.33731023468334964,0.38296350966002335,0.3829993692667645,0.3616355914545329
1,0.33695153217525275,0.44933666598218147,0.449598039003586,0.40660347347340553
2,0.31368462623252,0.3670498582364212,0.36340848813216786,0.346379794022379
3,0.32508641979907643,0.4219617383881911,0.4214425961844497,0.38632282843964477
4,0.3571648340919684,0.3278117248246857,0.3371433767270357,0.29364744718825253
